{"cameraMode":{"drawMode":0,"name":"Shaded","section":"Shading Mode"},"sceneLighting":true,"audioPlay":false,"sceneViewState":{"showFog":true,"showMaterialUpdate":false,"showSkybox":true,"showFlares":true,"showImageEffects":true,"showParticleSystems":true},"in2DMode":false,"pivot":{"x":-0.2659985423088074,"y":4.984877109527588,"z":4.421960830688477},"rotation":{"x":0.47974178194999697,"y":0.0105288689956069,"z":-0.005756725091487169,"w":0.877331554889679},"size":6.429140090942383,"orthographic":false}